{
  "exp_name": "epsa_inv_gy",
  "attention_mode": "epsa",
  "input_mode": "inv_gy",
  "input_channels": 2,
  "trainable_params": 55469703,
  "best_epoch": 40,
  "best_val_accuracy": 0.9972497224807739,
  "final_train_loss": 0.5732027292251587,
  "final_train_accuracy": 1.0,
  "final_val_loss": 0.5829154849052429,
  "final_val_accuracy": 0.9961495995521545,
  "original_loss": 0.583451509475708,
  "original": {
    "accuracy": 0.9967087218869994,
    "macro_precision": 0.9977802994107342,
    "macro_recall": 0.9977097808871166,
    "macro_f1": 0.9977371333041436,
    "weighted_precision": 0.9967308900088122,
    "weighted_recall": 0.9967087218869994,
    "weighted_f1": 0.996708309216297,
    "per_class_precision": [
      0.9871794871794872,
      0.9972826086956522,
      1.0,
      1.0,
      1.0,
      1.0,
      1.0
    ],
    "per_class_recall": [
      0.9974093264248705,
      0.9865591397849462,
      1.0,
      1.0,
      1.0,
      1.0,
      1.0
    ],
    "per_class_f1": [
      0.9922680412371134,
      0.9918918918918919,
      1.0,
      1.0,
      1.0,
      1.0,
      1.0
    ],
    "per_class_support": [
      386,
      372,
      237,
      288,
      270,
      135,
      135
    ],
    "confusion_matrix": [
      [
        385,
        1,
        0,
        0,
        0,
        0,
        0
      ],
      [
        5,
        367,
        0,
        0,
        0,
        0,
        0
      ],
      [
        0,
        0,
        237,
        0,
        0,
        0,
        0
      ],
      [
        0,
        0,
        0,
        288,
        0,
        0,
        0
      ],
      [
        0,
        0,
        0,
        0,
        270,
        0,
        0
      ],
      [
        0,
        0,
        0,
        0,
        0,
        135,
        0
      ],
      [
        0,
        0,
        0,
        0,
        0,
        0,
        135
      ]
    ]
  },
  "augmented": {
    "accuracy": 0.9971005407099757,
    "macro_precision": 0.9979853824486892,
    "macro_recall": 0.9979510910893452,
    "macro_f1": 0.9979641882014817,
    "weighted_precision": 0.9971120576531656,
    "weighted_recall": 0.9971005407099757,
    "weighted_f1": 0.9971004196449874,
    "per_class_precision": [
      0.9897153351698806,
      0.9967111627007158,
      1.0,
      1.0,
      1.0,
      1.0,
      0.9994711792702274
    ],
    "per_class_recall": [
      0.9972242783123613,
      0.989247311827957,
      0.9996986136226642,
      0.9997519841269841,
      0.9997354497354497,
      1.0,
      1.0
    ],
    "per_class_f1": [
      0.9934556180293115,
      0.9929652115254891,
      0.9998492840994725,
      0.9998759766836165,
      0.9998677073686996,
      1.0,
      0.999735519703782
    ],
    "per_class_support": [
      5404,
      5208,
      3318,
      4032,
      3780,
      1890,
      1890
    ],
    "confusion_matrix": [
      [
        5389,
        15,
        0,
        0,
        0,
        0,
        0
      ],
      [
        56,
        5152,
        0,
        0,
        0,
        0,
        0
      ],
      [
        0,
        0,
        3317,
        0,
        0,
        0,
        1
      ],
      [
        0,
        1,
        0,
        4031,
        0,
        0,
        0
      ],
      [
        0,
        1,
        0,
        0,
        3779,
        0,
        0
      ],
      [
        0,
        0,
        0,
        0,
        0,
        1890,
        0
      ],
      [
        0,
        0,
        0,
        0,
        0,
        0,
        1890
      ]
    ]
  },
  "robustness_gap": 0.00039181882297623094,
  "output_dir": "/home/cckuo/m11307u09/GG/1126/epsanet50/all in one/all_7class_7(G)_add_noise_mix_train/ablation_results/epsa_inv_gy",
  "model_path": "/home/cckuo/m11307u09/GG/1126/epsanet50/all in one/all_7class_7(G)_add_noise_mix_train/ablation_results/epsa_inv_gy/best_model_epsa_inv_gy.keras",
  "reused_from": null,
  "determinism_note": "本消融實驗固定 RANDOM_STATE=42，並設定 random / numpy / tensorflow 種子；但未啟用 tf.config.experimental.enable_op_determinism()，以避免 GPU MaxPool gradient deterministic kernel 與訓練流程衝突。因此 GPU 訓練結果可能仍存在極小浮點差異。"
}