{
  "exp_name": "epsa_inv_gx_gy",
  "attention_mode": "epsa",
  "input_mode": "inv_gx_gy",
  "input_channels": 3,
  "trainable_params": 55472839,
  "best_epoch": 10,
  "best_val_accuracy": 0.9972497224807739,
  "final_train_loss": 0.5733267068862915,
  "final_train_accuracy": 1.0,
  "final_val_loss": 0.5833989977836609,
  "final_val_accuracy": 0.9972497224807739,
  "original_loss": 0.5926385521888733,
  "original": {
    "accuracy": 0.997805814591333,
    "macro_precision": 0.998491758394817,
    "macro_recall": 0.998491758394817,
    "macro_f1": 0.998491758394817,
    "weighted_precision": 0.997805814591333,
    "weighted_recall": 0.997805814591333,
    "weighted_f1": 0.997805814591333,
    "per_class_precision": [
      0.9948186528497409,
      0.9946236559139785,
      1.0,
      1.0,
      1.0,
      1.0,
      1.0
    ],
    "per_class_recall": [
      0.9948186528497409,
      0.9946236559139785,
      1.0,
      1.0,
      1.0,
      1.0,
      1.0
    ],
    "per_class_f1": [
      0.9948186528497409,
      0.9946236559139785,
      1.0,
      1.0,
      1.0,
      1.0,
      1.0
    ],
    "per_class_support": [
      386,
      372,
      237,
      288,
      270,
      135,
      135
    ],
    "confusion_matrix": [
      [
        384,
        2,
        0,
        0,
        0,
        0,
        0
      ],
      [
        2,
        370,
        0,
        0,
        0,
        0,
        0
      ],
      [
        0,
        0,
        237,
        0,
        0,
        0,
        0
      ],
      [
        0,
        0,
        0,
        288,
        0,
        0,
        0
      ],
      [
        0,
        0,
        0,
        0,
        270,
        0,
        0
      ],
      [
        0,
        0,
        0,
        0,
        0,
        135,
        0
      ],
      [
        0,
        0,
        0,
        0,
        0,
        0,
        135
      ]
    ]
  },
  "augmented": {
    "accuracy": 0.9960818117702375,
    "macro_precision": 0.997102549060156,
    "macro_recall": 0.9971764539971506,
    "macro_f1": 0.9971386585222479,
    "weighted_precision": 0.9960821611217482,
    "weighted_recall": 0.9960818117702375,
    "weighted_f1": 0.99608086623002,
    "per_class_precision": [
      0.990029542097489,
      0.9932549624205049,
      1.0,
      0.998019801980198,
      1.0,
      0.9989429175475687,
      0.9994706193753309
    ],
    "per_class_recall": [
      0.9922279792746114,
      0.9896313364055299,
      0.9996986136226642,
      1.0,
      0.9997354497354497,
      1.0,
      0.9989417989417989
    ],
    "per_class_f1": [
      0.9911275415896488,
      0.9914398384149273,
      0.9998492840994725,
      0.9990089197224975,
      0.9998677073686996,
      0.9994711792702274,
      0.999206139190262
    ],
    "per_class_support": [
      5404,
      5208,
      3318,
      4032,
      3780,
      1890,
      1890
    ],
    "confusion_matrix": [
      [
        5362,
        34,
        0,
        8,
        0,
        0,
        0
      ],
      [
        54,
        5154,
        0,
        0,
        0,
        0,
        0
      ],
      [
        0,
        0,
        3317,
        0,
        0,
        0,
        1
      ],
      [
        0,
        0,
        0,
        4032,
        0,
        0,
        0
      ],
      [
        0,
        1,
        0,
        0,
        3779,
        0,
        0
      ],
      [
        0,
        0,
        0,
        0,
        0,
        1890,
        0
      ],
      [
        0,
        0,
        0,
        0,
        0,
        2,
        1888
      ]
    ]
  },
  "robustness_gap": -0.0017240028210955272,
  "output_dir": "/home/cckuo/m11307u09/GG/1126/epsanet50/all in one/all_7class_7(G)_add_noise_mix_train/ablation_results/epsa_inv_gx_gy",
  "model_path": "/home/cckuo/m11307u09/GG/1126/epsanet50/all in one/all_7class_7(G)_add_noise_mix_train/ablation_results/epsa_inv_gx_gy/best_model_epsa_inv_gx_gy.keras",
  "reused_from": "baseline_epsa_3ch",
  "determinism_note": "本消融實驗固定 RANDOM_STATE=42，並設定 random / numpy / tensorflow 種子；但未啟用 tf.config.experimental.enable_op_determinism()，以避免 GPU MaxPool gradient deterministic kernel 與訓練流程衝突。因此 GPU 訓練結果可能仍存在極小浮點差異。"
}