{
  "accuracy": 0.9980574980574981,
  "macro_precision": 0.9985406823933459,
  "macro_recall": 0.9984551942753797,
  "macro_f1": 0.9984973620019805,
  "weighted_f1": 0.9980581792131392
}